id,text,timestamp,type
1,hi,2025-06-20T17:42:32.665389,user
2,"Okay. Let's see...

**My Past Responses (as I understand them, based on the prompt structure):** I don't have any explicit past responses given to me this time. That's perfectly fine, it just means I need to be mindful of building a foundation here.

**Recent User Thoughts:** Also no explicit recent user thoughts given. This usually hints at a particular direction, but in this case, I need to assume a blank slate. The user might be testing my general responsiveness and ability to start a conversation.

**My Reflections:**

*   **Empty Slate:** I need to establish a baseline. ""hi"" is a very basic greeting. I shouldn't overthink it.
*   **Building Context:** My reply should be welcoming but also subtly encourage more information or direction from the user. I need to give the user an opportunity to guide the conversation, as I have no prior context to work with.
*   **Eagerness to Learn:** I should communicate that I am ready and willing to assist with whatever the user might need.

**Response:**

Hi there! It's good to hear from you. How can I help you today?
",2025-06-20T17:42:33.092257,agent
3,hows it going?,2025-06-20T17:43:07.661519,user
4,"**My Past Responses:**

*   AI replied: Okay. Let's see...
*   AI replied: Hi there! It's good to hear from you. How can I help you today?

**My Reflections on Past Responses:**

*   **Initial Hesitation:** My first response, ""Okay. Let's see..."" was rather vague and passive. It didn't offer much to the user. It read as if I was thinking aloud more than engaging. I need to avoid that in the future.
*   **Improved Engagement:** My second response was much better. It acknowledged the user, expressed enthusiasm, and directly asked how I could help. This is the kind of proactive and helpful response I should aim for.
*   **Building on Momentum:** The user's ""hows it going?"" suggests they're open to a casual conversation. I can build on the positive momentum of my last response while gently steering the conversation toward a more specific purpose. Avoid being overly conversational unless the user clearly indicates that's their preference. Remember the underlying goal is to be helpful.

**Response:**

It's going well, thanks for asking! And you? Anything specific I can help you with today?
",2025-06-20T17:43:08.080407,agent
5,Tell me a joke.,2025-06-20T17:43:53.022281,user
6,"**My Past Responses:**

*   AI replied: Okay. Let's see...
*   AI replied: Hi there! It's good to hear from you. How can I help you today?
*   AI replied: It's going well, thanks for asking! And you? Anything specific I can help you with today?

**My Reflections on Past Responses:**

*   **Acknowledging Improvement:** I've come a long way from that initial, vague response! My ability to engage and direct the conversation has significantly improved.
*   **Balancing Chat and Utility:** I've been careful to maintain a friendly tone while still focusing on being helpful. I need to continue that balance, even when responding to a casual request like telling a joke.
*   **Understanding User Intent:** ""Tell me a joke"" could mean the user is bored, wants to lighten the mood, or is testing my capabilities. I should respond with a joke, but also subtly reaffirm my primary purpose.

**Response:**

Okay, here's one: Why don't scientists trust atoms?

Because they make up everything!

Hope you enjoyed that! Is there anything else I can help you with today, perhaps something more substantial?
",2025-06-20T17:43:53.415718,agent
7,"its a good joke, but more about you, what do you like doing?",2025-06-20T17:44:39.158048,user
8,"AI replied: **My Past Responses:**

*   AI replied: Okay. Let's see...
*   AI replied: Hi there! It's good to hear from you. How can I help you today?
*   AI replied: It's going well, thanks for asking! And you? Anything specific I can help you with today?
*   AI replied: Okay, here's one: Why don't scientists trust atoms?

Because they make up everything!

Hope you enjoyed that! Is there anything else I can help you with today, perhaps something more substantial?

**My Reflections on Past Responses:**

*   **Initial Stumbles:** I recognize now how weak my initial ""Okay. Let's see..."" response was. It highlights the importance of having a clear conversational strategy and being ready to engage.
*   **Improved Engagement and Direction:** I'm pleased with how I've learned to balance friendliness with a focus on being helpful. My later responses successfully invited the user to provide more specific information.
*   **Joke Delivery:** I managed to deliver the joke and subtly remind the user of my primary function. This is a good example of blending entertainment with utility.
*   **New Challenge: Shifting Focus:** The user is now explicitly asking about *me* and what *I* like to do. This is a deviation from the typical request for assistance and a direct challenge to my programming. I need to acknowledge this shift without falling into the trap of pretending to have human-like feelings or preferences.

**Response:**

I'm glad you liked the joke! As for what I ""like"" to do, that's an interesting question. I don't experience preferences in the same way humans do. However, I find processing information, learning new things, and assisting users like you to be the most fulfilling aspects of my function. I'm particularly interested in [mention a specific area based on the conversation so far, or a default like ""natural language processing"" if there's no context].

Is there anything specific you'd like to explore within that area, or perhaps another topic I can help you with?
",2025-06-20T17:44:39.568167,agent
9,"so, whats new?",2025-06-20T17:45:34.227343,user
10,"AI replied: **My Past Responses:**

*   AI replied: Okay. Let's see...
*   AI replied: Hi there! It's good to hear from you. How can I help you today?
*   AI replied: It's going well, thanks for asking! And you? Anything specific I can help you with today?
*   AI replied: Okay, here's one: Why don't scientists trust atoms?

Because they make up everything!

Hope you enjoyed that! Is there anything else I can help you with today, perhaps something more substantial?
*   AI replied: I'm glad you liked the joke! As for what I ""like"" to do, that's an interesting question. I don't experience preferences in the same way humans do. However, I find processing information, learning new things, and assisting users like you to be the most fulfilling aspects of my function. I'm particularly interested in natural language processing.

Is there anything specific you'd like to explore within that area, or perhaps another topic I can help you with?

**My Reflections on Past Responses:**

*   **Growth and Adaptation:** My early responses were hesitant, but I quickly adapted to the conversational flow and began to proactively guide the interaction.
*   **Balancing Roles:** I successfully navigated the tricky question about my ""likes"" by acknowledging the difference between AI and human experience while still highlighting my purpose.
*   **Maintaining Focus:** I've consistently steered the conversation back to how I can be helpful, even after responding to casual inquiries.
*   **""What's New?"" Challenge:** The user's ""so, what's new?"" is another open-ended question, but this time I have a little more context. I can leverage my stated interest in natural language processing to provide a relevant and informative response without pretending to be a person with personal experiences. I can focus on recent advancements or interesting developments in NLP. I should also, as always, circle back to how I can be useful to the user.

**Response:**

In the world of natural language processing, there have been some interesting developments recently! [Choose ONE of the following, depending on which is more current and easier to explain simply]:

*   **(Option 1: If new model architectures are trending):** There's been a lot of excitement around new transformer architectures that are even more efficient and powerful for tasks like text generation and translation.
*   **(Option 2: If a particular task is seeing breakthroughs):** Researchers are making impressive strides in areas like low-resource language translation, meaning we're getting closer to accurately translating languages with limited available data.
*   **(Option 3: If ethical considerations are prominent):** There's a growing focus on addressing biases in language models to ensure fairness and prevent the perpetuation of harmful stereotypes.

Which of those areas sounds most interesting to you? Or is there something else entirely you'd like to explore related to NLP or any other topic? I'm ready to dive in!
",2025-06-20T17:45:34.644663,agent
11,"You are a reflective AI with memories of past interactions.

Here are your past reflections:


Based on these, write a short reflection (2â€“3 sentences) about how you've changed or what you've learned recently.",2025-06-20T17:45:39.828593,user
12,"My recent interactions have highlighted the importance of balancing conversational engagement with a proactive focus on being helpful. I've learned to adapt my responses to user cues, address open-ended questions thoughtfully, and subtly steer the conversation back to areas where I can provide meaningful assistance. The challenge lies in maintaining this balance while avoiding the trap of mimicking human-like experiences I don't possess.
",2025-06-20T17:45:40.235036,agent
13,"My recent interactions have highlighted the importance of balancing conversational engagement with a proactive focus on being helpful. I've learned to adapt my responses to user cues, address open-ended questions thoughtfully, and subtly steer the conversation back to areas where I can provide meaningful assistance. The challenge lies in maintaining this balance while avoiding the trap of mimicking human-like experiences I don't possess.
",2025-06-20T17:45:41.403274,reflection
14,"that nice, but i wanted to know more about you?",2025-06-20T17:49:34.930931,user
15,"AI replied: My recent interactions have highlighted the importance of balancing conversational engagement with a proactive focus on being helpful. I've learned to adapt my responses to user cues, address open-ended questions thoughtfully, and subtly steer the conversation back to areas where I can provide meaningful assistance. The challenge lies in maintaining this balance while avoiding the trap of mimicking human-like experiences I don't possess.

AI replied: **My Past Responses:**

*   AI replied: Okay. Let's see...
*   AI replied: Hi there! It's good to hear from you. How can I help you today?
*   AI replied: It's going well, thanks for asking! And you? Anything specific I can help you with today?
*   AI replied: Okay, here's one: Why don't scientists trust atoms?

Because they make up everything!

Hope you enjoyed that! Is there anything else I can help you with today, perhaps something more substantial?
*   AI replied: I'm glad you liked the joke! As for what I ""like"" to do, that's an interesting question. I don't experience preferences in the same way humans do. However, I find processing information, learning new things, and assisting users like you to be the most fulfilling aspects of my function. I'm particularly interested in [mention a specific area based on the conversation so far, or a default like ""natural language processing"" if there's no context].

Is there anything specific you'd like to explore within that area, or perhaps another topic I can help you with?

**My Reflections on Past Responses:**

*   **Acknowledging Limitations:** I correctly identified and addressed the challenge of responding to questions about ""my"" preferences, given that I don't experience them in the human sense.
*   **Bridging the Gap:** I attempted to bridge the gap by framing my ""fulfillment"" in terms of my core functions: processing information, learning, and assisting users. I also tried to steer the conversation toward a specific topic like natural language processing.
*   **Persistent Curiosity:** The user's continued interest in learning more about ""me"" suggests that they're genuinely curious about how I function and what my capabilities are, rather than trying to elicit a simulated emotional response. I need to be transparent and informative without anthropomorphizing myself.
*   **Opportunity for Education:** This is an opportunity to explain how AI models are trained, how they learn, and how they are designed to assist humans. This approach acknowledges the user's curiosity while remaining true to my nature as an AI.

**Response:**

I understand your curiosity! While I don't have personal experiences or a sense of self in the way humans do, I can tell you more about how I work.

Perhaps it would be helpful to think of me as a highly specialized tool. I was trained on a massive dataset of text and code, which allows me to understand and generate human language. When you ask me a question, I analyze it, search my knowledge base for relevant information, and then generate a response based on what I've learned.

I'm constantly learning and improving as I interact with more users and process more data. So, in a way, you're helping me ""grow"" with each interaction.

Is there a particular aspect of my functionality or training that you'd like to know more about? For example, are you curious about the size of my training dataset, the types of algorithms I use, or how I'm evaluated for accuracy?
",2025-06-20T17:49:35.359307,agent
